1,1,Mayer Creola,15098606,photos/MTA2NDY4LmpwZw.jpg
2,1,Schneider Denis,97358483,photos/MTA5NTA0LmpwZw.jpg
3,1,Towne Kirk,89404584,photos/MTc4NjY4LmpwZw.jpg
4,1,Ullrich Jacinthe,1960075,photos/MTc5MTc1LmpwZw.jpg
5,1,Gulgowski Kelley,93683681,photos/MjI2ODU4LmpwZw.jpg
6,1,Schoen Joseph,78906724,photos/MjI4ODUzLmpwZw.jpg
7,1,Bahringer Avery,29344860,photos/MjI5NDA2LmpwZw.jpg
8,1,Stamm Levi,79192852,photos/MjIwOTg3LmpwZw.jpg
9,1,Wiza Kendra,29747452,photos/MjIxNzc3LmpwZw.jpg
10,1,Veum Nicolas,37148898,photos/MjIzNTk4LmpwZw.jpg
11,1,Hilpert Herbert,14087139,photos/MjM0ODg4LmpwZw.jpg
12,1,Feest Saul,68605440,photos/MjM1MjI1LmpwZw.jpg
13,1,Wisozk Aurelio,9695645,photos/MjM1Mzk0LmpwZw.jpg
14,1,Leannon Darlene,11383910,photos/MjM2NzM2LmpwZw.jpg
15,1,Runolfsdottir Veda,49840699,photos/MjM4NDU1LmpwZw.jpg
16,1,Schowalter Brandon,69458851,photos/MjM5OTQ4LmpwZw.jpg
17,1,Wintheiser Alex,34230473,photos/MjQ0MTYyLmpwZw.jpg
18,1,Crooks Cassie,99944292,photos/MjQ2OTEyLmpwZw.jpg
19,1,Schaden Margarett,43681824,photos/MjQ3NzQ0LmpwZw.jpg
20,1,Predovic Shad,15128769,photos/MjQ5MTU4LmpwZw.jpg
21,1,Streich Joy,64857926,photos/MjQxMjUzLmpwZw.jpg
22,1,Larson Elda,55982778,photos/MjQxMzQwLmpwZw.jpg
23,1,Keeling Lloyd,40715877,photos/MjQxODcxLmpwZw.jpg
24,1,Lemke Ed,66242210,photos/MjQyMzYxLmpwZw.jpg
25,1,Walker Bart,47211923,photos/MjU1MTc2LmpwZw.jpg
26,1,Feest Kristin,89218371,photos/MjU1OTA2LmpwZw.jpg
27,1,Harris Willow,78033548,photos/MjU3NDAyLmpwZw.jpg
28,1,Jaskolski Jerry,11979835,photos/MjU4MTU4LmpwZw.jpg
29,1,Rodriguez Toy,20904172,photos/MjU5OTc0LmpwZw.jpg
30,1,Effertz Selina,4641565,photos/MjUwMzUwLmpwZw.jpg
31,1,Littel Layla,39799956,photos/MjUwNzcwLmpwZw.jpg
32,1,Cole Madeline,31912718,photos/MjgwODU1LmpwZw.jpg
33,1,Leuschke Kamron,88426851,photos/Mjk0MTYzLmpwZw.jpg
34,1,Conroy Aliya,48334906,photos/Mjk1NjYzLmpwZw.jpg
35,1,Fahey Eleanora,99411433,photos/Mjk1NzYyLmpwZw.jpg
36,1,Hauck Dayton,9012640,photos/Mjk2ODE2LmpwZw.jpg
37,1,Dickinson Alvina,31403788,photos/Mjk4NjA4LmpwZw.jpg
38,1,Kessler Abbie,60118485,photos/MjkwODE5LmpwZw.jpg
39,1,Hudson Isac,81416680,photos/MjkxNDkwLmpwZw.jpg
40,1,Lang Brannon,63217562,photos/MjkzMDc4LmpwZw.jpg
