photos/MTA2NDY4LmpwZw.jpg,Mayer Creola,15098606
photos/MTA5NTA0LmpwZw.jpg,Schneider Denis,97358483
photos/MTc4NjY4LmpwZw.jpg,Towne Kirk,89404584
photos/MTc5MTc1LmpwZw.jpg,Ullrich Jacinthe,1960075
photos/MjI2ODU4LmpwZw.jpg,Gulgowski Kelley,93683681
photos/MjI4ODUzLmpwZw.jpg,Schoen Joseph,78906724
photos/MjI5NDA2LmpwZw.jpg,Bahringer Avery,29344860
photos/MjIwOTg3LmpwZw.jpg,Stamm Levi,79192852
photos/MjIxNzc3LmpwZw.jpg,Wiza Kendra,29747452
photos/MjIzNTk4LmpwZw.jpg,Veum Nicolas,37148898
photos/MjM0ODg4LmpwZw.jpg,Hilpert Herbert,14087139
photos/MjM1MjI1LmpwZw.jpg,Feest Saul,68605440
photos/MjM1Mzk0LmpwZw.jpg,Wisozk Aurelio,9695645
photos/MjM2NzM2LmpwZw.jpg,Leannon Darlene,11383910
photos/MjM4NDU1LmpwZw.jpg,Runolfsdottir Veda,49840699
photos/MjM5OTQ4LmpwZw.jpg,Schowalter Brandon,69458851
photos/MjQ0MTYyLmpwZw.jpg,Wintheiser Alex,34230473
photos/MjQ2OTEyLmpwZw.jpg,Crooks Cassie,99944292
photos/MjQ3NzQ0LmpwZw.jpg,Schaden Margarett,43681824
photos/MjQ5MTU4LmpwZw.jpg,Predovic Shad,15128769
photos/MjQxMjUzLmpwZw.jpg,Streich Joy,64857926
photos/MjQxMzQwLmpwZw.jpg,Larson Elda,55982778
photos/MjQxODcxLmpwZw.jpg,Keeling Lloyd,40715877
photos/MjQyMzYxLmpwZw.jpg,Lemke Ed,66242210
photos/MjU1MTc2LmpwZw.jpg,Walker Bart,47211923
photos/MjU1OTA2LmpwZw.jpg,Feest Kristin,89218371
photos/MjU3NDAyLmpwZw.jpg,Harris Willow,78033548
photos/MjU4MTU4LmpwZw.jpg,Jaskolski Jerry,11979835
photos/MjU5OTc0LmpwZw.jpg,Rodriguez Toy,20904172
photos/MjUwMzUwLmpwZw.jpg,Effertz Selina,4641565
photos/MjUwNzcwLmpwZw.jpg,Littel Layla,39799956
photos/MjgwODU1LmpwZw.jpg,Cole Madeline,31912718
photos/Mjk0MTYzLmpwZw.jpg,Leuschke Kamron,88426851
photos/Mjk1NjYzLmpwZw.jpg,Conroy Aliya,48334906
photos/Mjk1NzYyLmpwZw.jpg,Fahey Eleanora,99411433
photos/Mjk2ODE2LmpwZw.jpg,Hauck Dayton,9012640
photos/Mjk4NjA4LmpwZw.jpg,Dickinson Alvina,31403788
photos/MjkwODE5LmpwZw.jpg,Kessler Abbie,60118485
photos/MjkxNDkwLmpwZw.jpg,Hudson Isac,81416680
photos/MjkzMDc4LmpwZw.jpg,Lang Brannon,63217562